[{"image": "tr.jpg", "annotations": [{"label": "cell", "coordinates": {"x": 29.947963800904972, "y": 15.676470588235297, "width": 33.0, "height": 23.0}}, {"label": "cell", "coordinates": {"x": 20.947963800904972, "y": 46.1764705882353, "width": 25.0, "height": 30.0}}, {"label": "cell", "coordinates": {"x": 27.447963800904972, "y": 77.6764705882353, "width": 22.0, "height": 33.00000000000001}}, {"label": "cell", "coordinates": {"x": 58.44796380090497, "y": 37.1764705882353, "width": 22.0, "height": 40.0}}, {"label": "cell", "coordinates": {"x": 87.94796380090497, "y": 48.176470588235304, "width": 37.0, "height": 34.00000000000001}}, {"label": "cell", "coordinates": {"x": 72.94796380090497, "y": 68.6764705882353, "width": 33.0, "height": 17.000000000000007}}, {"label": "cell", "coordinates": {"x": 76.44796380090497, "y": 90.1764705882353, "width": 32.0, "height": 26.0}}, {"label": "cell", "coordinates": {"x": 52.44796380090497, "y": 107.1764705882353, "width": 22.0, "height": 26.0}}, {"label": "cell", "coordinates": {"x": 115.44796380090497, "y": 114.1764705882353, "width": 28.0, "height": 22.0}}, {"label": "cell", "coordinates": {"x": 148.44796380090497, "y": 132.1764705882353, "width": 22.0, "height": 40.0}}, {"label": "cell", "coordinates": {"x": 108.44796380090497, "y": 151.6764705882353, "width": 34.0, "height": 29.0}}, {"label": "cell", "coordinates": {"x": 160.44796380090497, "y": 44.1764705882353, "width": 40.0, "height": 24.0}}, {"label": "cell", "coordinates": {"x": 202.44796380090497, "y": 25.176470588235297, "width": 48.0, "height": 20.0}}, {"label": "cell", "coordinates": {"x": 192.94796380090497, "y": 45.6764705882353, "width": 25.0, "height": 19.0}}, {"label": "cell", "coordinates": {"x": 211.44796380090497, "y": 49.1764705882353, "width": 22.0, "height": 24.0}}, {"label": "cell", "coordinates": {"x": 232.44796380090497, "y": 38.1764705882353, "width": 20.0, "height": 26.0}}, {"label": "cell", "coordinates": {"x": 225.94796380090497, "y": 13.676470588235297, "width": 31.0, "height": 27.0}}, {"label": "cell", "coordinates": {"x": 251.94796380090497, "y": 14.176470588235297, "width": 17.0, "height": 26.0}}, {"label": "cell", "coordinates": {"x": 267.947963800905, "y": 30.176470588235297, "width": 33.0, "height": 26.0}}, {"label": "cell", "coordinates": {"x": 289.447963800905, "y": 45.6764705882353, "width": 24.0, "height": 31.0}}, {"label": "cell", "coordinates": {"x": 268.447963800905, "y": 74.1764705882353, "width": 34.0, "height": 28.000000000000007}}, {"label": "cell", "coordinates": {"x": 299.447963800905, "y": 71.6764705882353, "width": 30.0, "height": 27.000000000000007}}, {"label": "cell", "coordinates": {"x": 303.947963800905, "y": 32.6764705882353, "width": 23.0, "height": 27.0}}, {"label": "cell", "coordinates": {"x": 301.947963800905, "y": 11.176470588235297, "width": 31.0, "height": 22.0}}, {"label": "cell", "coordinates": {"x": 326.447963800905, "y": 30.176470588235297, "width": 28.0, "height": 22.0}}, {"label": "cell", "coordinates": {"x": 326.947963800905, "y": 54.676470588235304, "width": 27.0, "height": 23.000000000000007}}, {"label": "cell", "coordinates": {"x": 374.947963800905, "y": 75.6764705882353, "width": 21.0, "height": 43.00000000000001}}, {"label": "cell", "coordinates": {"x": 358.447963800905, "y": 143.1764705882353, "width": 30.0, "height": 32.0}}, {"label": "cell", "coordinates": {"x": 370.447963800905, "y": 225.6764705882353, "width": 32.0, "height": 31.0}}, {"label": "cell", "coordinates": {"x": 45.44796380090497, "y": 185.6764705882353, "width": 22.0, "height": 21.0}}, {"label": "cell", "coordinates": {"x": 27.447963800904972, "y": 198.6764705882353, "width": 34.0, "height": 33.0}}, {"label": "cell", "coordinates": {"x": 23.947963800904972, "y": 228.6764705882353, "width": 27.0, "height": 33.0}}, {"label": "cell", "coordinates": {"x": 13.447963800904972, "y": 249.1764705882353, "width": 20.0, "height": 30.0}}, {"label": "cell", "coordinates": {"x": 54.94796380090497, "y": 220.1764705882353, "width": 29.0, "height": 30.0}}, {"label": "cell", "coordinates": {"x": 67.94796380090497, "y": 188.1764705882353, "width": 23.0, "height": 18.0}}, {"label": "cell", "coordinates": {"x": 92.44796380090497, "y": 193.1764705882353, "width": 22.0, "height": 16.0}}, {"label": "cell", "coordinates": {"x": 69.94796380090497, "y": 207.6764705882353, "width": 19.0, "height": 15.0}}, {"label": "cell", "coordinates": {"x": 92.44796380090497, "y": 211.1764705882353, "width": 24.0, "height": 18.0}}, {"label": "cell", "coordinates": {"x": 91.44796380090497, "y": 239.6764705882353, "width": 18.0, "height": 37.0}}, {"label": "cell", "coordinates": {"x": 109.94796380090497, "y": 234.1764705882353, "width": 19.0, "height": 36.0}}, {"label": "cell", "coordinates": {"x": 127.44796380090497, "y": 259.1764705882353, "width": 38.0, "height": 26.0}}, {"label": "cell", "coordinates": {"x": 127.44796380090497, "y": 285.1764705882353, "width": 30.0, "height": 30.0}}, {"label": "cell", "coordinates": {"x": 50.44796380090497, "y": 298.6764705882353, "width": 36.0, "height": 21.0}}, {"label": "cell", "coordinates": {"x": 48.94796380090497, "y": 325.1764705882353, "width": 29.0, "height": 38.0}}, {"label": "cell", "coordinates": {"x": 64.44796380090497, "y": 333.6764705882353, "width": 24.0, "height": 37.0}}, {"label": "cell", "coordinates": {"x": 86.94796380090497, "y": 333.6764705882353, "width": 17.0, "height": 27.0}}, {"label": "cell", "coordinates": {"x": 82.44796380090497, "y": 356.1764705882353, "width": 36.0, "height": 24.0}}, {"label": "cell", "coordinates": {"x": 285.947963800905, "y": 263.1764705882353, "width": 27.0, "height": 36.0}}, {"label": "cell", "coordinates": {"x": 269.947963800905, "y": 275.6764705882353, "width": 19.0, "height": 27.0}}, {"label": "cell", "coordinates": {"x": 248.94796380090497, "y": 298.1764705882353, "width": 27.0, "height": 24.0}}, {"label": "cell", "coordinates": {"x": 201.44796380090497, "y": 319.1764705882353, "width": 24.0, "height": 32.0}}, {"label": "cell", "coordinates": {"x": 191.44796380090497, "y": 347.1764705882353, "width": 18.0, "height": 30.0}}, {"label": "cell", "coordinates": {"x": 162.94796380090497, "y": 374.1764705882353, "width": 19.0, "height": 20.0}}, {"label": "cell", "coordinates": {"x": 183.44796380090497, "y": 384.1764705882353, "width": 22.0, "height": 24.0}}, {"label": "cell", "coordinates": {"x": 412.2239819004525, "y": 245.1764705882353, "width": 7.552036199095028, "height": 48.0}}, {"label": "cell", "coordinates": {"x": 406.7239819004525, "y": 408.0882352941177, "width": 18.552036199095028, "height": 15.823529411764696}}, {"label": "cell", "coordinates": {"x": 373.447963800905, "y": 395.6764705882353, "width": 28.0, "height": 27.0}}, {"label": "cell", "coordinates": {"x": 349.447963800905, "y": 387.6764705882353, "width": 18.0, "height": 43.0}}, {"label": "cell", "coordinates": {"x": 364.447963800905, "y": 363.6764705882353, "width": 34.0, "height": 21.0}}, {"label": "cell", "coordinates": {"x": 331.947963800905, "y": 344.6764705882353, "width": 25.0, "height": 45.0}}, {"label": "cell", "coordinates": {"x": 350.447963800905, "y": 331.1764705882353, "width": 26.0, "height": 36.0}}, {"label": "cell", "coordinates": {"x": 328.947963800905, "y": 294.6764705882353, "width": 21.0, "height": 45.0}}, {"label": "cell", "coordinates": {"x": 300.947963800905, "y": 292.6764705882353, "width": 35.0, "height": 17.0}}, {"label": "cell", "coordinates": {"x": 298.447963800905, "y": 311.6764705882353, "width": 30.0, "height": 19.0}}, {"label": "cell", "coordinates": {"x": 256.947963800905, "y": 329.6764705882353, "width": 15.0, "height": 33.0}}, {"label": "cell", "coordinates": {"x": 232.44796380090497, "y": 331.1764705882353, "width": 32.0, "height": 26.0}}, {"label": "cell", "coordinates": {"x": 252.94796380090497, "y": 356.6764705882353, "width": 29.0, "height": 35.0}}, {"label": "cell", "coordinates": {"x": 273.947963800905, "y": 359.1764705882353, "width": 23.0, "height": 32.0}}, {"label": "cell", "coordinates": {"x": 276.947963800905, "y": 326.6764705882353, "width": 17.0, "height": 29.0}}, {"label": "cell", "coordinates": {"x": 292.947963800905, "y": 340.1764705882353, "width": 17.0, "height": 42.0}}, {"label": "cell", "coordinates": {"x": 311.947963800905, "y": 355.1764705882353, "width": 13.0, "height": 24.0}}, {"label": "cell", "coordinates": {"x": 311.447963800905, "y": 331.1764705882353, "width": 18.0, "height": 26.0}}, {"label": "cell", "coordinates": {"x": 293.447963800905, "y": 379.6764705882353, "width": 20.0, "height": 29.0}}, {"label": "cell", "coordinates": {"x": 306.947963800905, "y": 399.1764705882353, "width": 19.0, "height": 20.0}}, {"label": "cell", "coordinates": {"x": 273.447963800905, "y": 387.6764705882353, "width": 16.0, "height": 31.0}}, {"label": "cell", "coordinates": {"x": 246.44796380090497, "y": 385.1764705882353, "width": 32.0, "height": 20.0}}, {"label": "cell", "coordinates": {"x": 235.94796380090497, "y": 401.6764705882353, "width": 41.0, "height": 21.0}}, {"label": "cell", "coordinates": {"x": 286.947963800905, "y": 406.1764705882353, "width": 41.0, "height": 16.0}}]}]